dEVyODlyWkVKdXQxNTVBeXZzcDZMK1RKSmlCUmRnNEwrYlFGVkgwWktSbz0=,ZUF1Q042RWY1Z1NIZkgyVW1hd0hXeDRPMnFvNFYvd0pwNmgwL2ZsNWl4ND0=,dEVyODlyWkVKdXQxNTVBeXZzcDZMK1RKSmlCUmRnNEwrYlFGVkgwWktSbz0=,U2pncWpsSjFwMU0zVEIzRFUybVgwdnZsRWlUM1pnbFJoRnErUnZtN1BZaz0=,UklMcHdLTjN0WStxWWtwNUpzT1ZORUtVbkZKUTE1bi9OeWsyWXg4S3JMTTZpN3RaWXo1c1UveGZmbEVMUFkxUGlxdTV1L1JLelVMTmhuZnBvS2dmY0E9PQ==,NE5ZZ0o4OGtQN2JkbXFtMjQ1RHdMRy9sQXVNd2hNSzVCbTg2MEJFMWxKOD0=,NUdrNitYZlZ2V3VpWWZrTVRUN1FwczdXdUY1dVV3YUxCRVpCZ0JTR0VXUVZnb29wS1RJcXlIUVc5V0oraXFaWUwzQ0tBY3ozK2NaVXV0Rm1LaHRGMks1SzJZdXMxQjczQU56Y0NIVkM4SFR1QTRSeDV5R0lsemNBSDM2c3Y1M3Z6Vk0vWXJ0WVcwOWltUkE1eUllMzRVR1pLUWM2SUZGM3pNcUlYbFFTWW5SbXpYVzRHNWJKVkt2QjZSZVlnM2ZLWTFUbWxiUCtuOU5Kb1QydjNNL2RzbUtiTkgrZjJtQmIwbkNRK21ab0RMQW9PTXVBWFdyUlBMMkN4WmtFUm5vTnZnRnFuQ1A3T0txcTc0cGpQUE9mWVBvWmlGbUhCajE1UWd4bmgvdTcxWjNLN1p2dHVaKys1WWRNbjJKTTg2WXJOell2cVR2eGZaYUJGaS9hYWJSaVRSTENHWFpMMWhkRDYvWTVwOUswTW5yT0ZhWFVUTkZaMGVlVWFuVmJNb3lvNENWUjRGWW9IR0NBa2NpQW82dzgrZTFWSi85UjQrcEdDdFdPRjBFZm9FVktKZVNuWVgyMlVmK2s4NDljTGY5Zk80MkZIMlJ6OHJQaE9kaUdYcitwTkVQRnNOUGx0a3M5bnZxelZnNHo1TVhsaWsva0NqLzJvaTAwR2ZZT0VRZUxiWXZURWFhY0NlWlA4eWx0NHYyYzFBTEFheGF1enJHcDNkWHpJWTN3K0dlUklPbGZyN0MyM3J3WGZjdnphNHRDS0k5eFV5N2FXeU9Rd1BUSGNRa1cwd1VwbUlySWNsdTdpOENQUnZHQ2cvUT0=
dEVyODlyWkVKdXQxNTVBeXZzcDZMK1RKSmlCUmRnNEwrYlFGVkgwWktSbz0=,Q0Rocjl1TjBmV1hTZGdPMVNzRm4yb1VaUDZaZVV1SkxpL1RhS2UyK0d2Yz0=,dEVyODlyWkVKdXQxNTVBeXZzcDZMK1RKSmlCUmRnNEwrYlFGVkgwWktSbz0=,a0dOY1VmYmp1THNONHdES0thenZDdG8vWkhJRFB0aHVSNnlMUWVGdTg3c1NHczBobkxwcmFZR3NJOGo3Wm9aQjJMMFlEZFlsd2xtdFQzUU94dFJaRWFVdEVVRUVJYUtxYXVVVFhVT0o3TExoQjRLNi9OSTUvYmIreVhyR1pyaDRjZFlqWXNuRGEvWndxK2E3TnBRVDVaSjZyWk1VQjJ6ODQxbk1kRTRocFZrPQ==,NE5ZZ0o4OGtQN2JkbXFtMjQ1RHdMRy9sQXVNd2hNSzVCbTg2MEJFMWxKOD0=,NUdrNitYZlZ2V3VpWWZrTVRUN1FwbkQ3blVWYisrcTcyc2RPNzErWmpEMGVuajhuaURKek43RjlGcHUwVUtabjJCV2RCTlZRZkpFMUFGN1dLdXY3WHI1dmV3dHkzSmkwN0dna0NVTGt1dmorTzJqRnNjWEd4SWo0ejNFd1gxTEhMNXBIRjNxbHlSSjU5VVhkdWpiR0tka1h2ZFhsZWsrdXF1OFhPRERwbDNUSWpIZHVMU3VzcVFWMk9aa3VJaU9uamNiQXdJT01nOGJXTUZ3MUZhTTQ5SVFCaFY1d2o5QUZsZ0svNGxlbDlQeEVabnRpRENLZldzVzA0RVRXdkk4RFVBV3VIOC9Gd21QbU9nQXZBZnpxamN2NDZXek5zd0UzZk1DVnllYlN6eHdzWnFtQVg1Z0hQWEw2MUlQNkdkRUxNUnI0YlJqUTlXNm50UDdxZ0tWellvanRqQmlVamJsTjJsWVlvUUR2S0ZzZVBSZDBxbTA3U2VsK2ltL3pTc0hvYW90OWc0bUhYcnVZWTNjcnNHd2NrbWNoanZCNC9yd2JmcDQ0cWlNYnpORys1cGZ6bXZrK3dKcjNOUENMa1pxZFpPY1BFbDY2dEw0NFFKWDRmQ3VTL1FOZFlxS1k2TWdEaTE0M2FtSHdFV3c2R0FWOHpSOVdlSklwYzVVUkkyRjJoK0FwNFF1amRvaGNyRERITW90c1BGVlFPWkNwSThnNWJpc0NYazloMzhOLzZGUk42TEhKaU83dE8ra1BkLzVIWHpGWUhWZjUxa3BWTjdYNWdUV0xNbitpQUtCYXkxK1Jja1MyNVlXU1haVitrdmN0eHllVFY2aGtVUVBrY2F2dw==,aVV0REUwMUIwMXBXUnhBaDdPN1VzaEhYa0ErYTVSOVd3WGRjUmxJK1Jlaz0=
dFlVUzZRNFZTSEJ1RFdEQmRFMjlRT2Q4bVMzVWNUMFdIeUNiNWp5bXhoTT0=,ZUF1Q042RWY1Z1NIZkgyVW1hd0hXeDRPMnFvNFYvd0pwNmgwL2ZsNWl4ND0=,dFlVUzZRNFZTSEJ1RFdEQmRFMjlRT2Q4bVMzVWNUMFdIeUNiNWp5bXhoTT0=,U2pncWpsSjFwMU0zVEIzRFUybVgwdnZsRWlUM1pnbFJoRnErUnZtN1BZaz0=,UklMcHdLTjN0WStxWWtwNUpzT1ZORUtVbkZKUTE1bi9OeWsyWXg4S3JMTTZpN3RaWXo1c1UveGZmbEVMUFkxUGlxdTV1L1JLelVMTmhuZnBvS2dmY0E9PQ==,NE5ZZ0o4OGtQN2JkbXFtMjQ1RHdMRy9sQXVNd2hNSzVCbTg2MEJFMWxKOD0=,NUdrNitYZlZ2V3VpWWZrTVRUN1FwczdXdUY1dVV3YUxCRVpCZ0JTR0VXUVZnb29wS1RJcXlIUVc5V0oraXFaWUwzQ0tBY3ozK2NaVXV0Rm1LaHRGMks1SzJZdXMxQjczQU56Y0NIVkM4SFR1QTRSeDV5R0lsemNBSDM2c3Y1M3Z6Vk0vWXJ0WVcwOWltUkE1eUllMzRVR1pLUWM2SUZGM3pNcUlYbFFTWW5SbXpYVzRHNWJKVkt2QjZSZVlnM2ZLWTFUbWxiUCtuOU5Kb1QydjNNL2RzbUtiTkgrZjJtQmIwbkNRK21ab0RMQW9PTXVBWFdyUlBMMkN4WmtFUm5vTnZnRnFuQ1A3T0txcTc0cGpQUE9mWVBvWmlGbUhCajE1UWd4bmgvdTcxWjNLN1p2dHVaKys1WWRNbjJKTTg2WXJOell2cVR2eGZaYUJGaS9hYWJSaVRSTENHWFpMMWhkRDYvWTVwOUswTW5yT0ZhWFVUTkZaMGVlVWFuVmJNb3lvNENWUjRGWW9IR0NBa2NpQW82dzgrZTFWSi85UjQrcEdDdFdPRjBFZm9FVktKZVNuWVgyMlVmK2s4NDljTGY5Zk80MkZIMlJ6OHJQaE9kaUdYcitwTkVQRnNOUGx0a3M5bnZxelZnNHo1TVhsaWsva0NqLzJvaTAwR2ZZT0VRZUxiWXZURWFhY0NlWlA4eWx0NHYyYzFBTEFheGF1enJHcDNkWHpJWTN3K0dlUklPbGZyN0MyM3J3WGZjdnphNHRDS0k5eFV5N2FXeU9Rd1BUSGNRa1cwd1VwbUlySWNsdTdpOENQUnZHQ2cvUT0=
dFlVUzZRNFZTSEJ1RFdEQmRFMjlRT2Q4bVMzVWNUMFdIeUNiNWp5bXhoTT0=,Q0Rocjl1TjBmV1hTZGdPMVNzRm4yb1VaUDZaZVV1SkxpL1RhS2UyK0d2Yz0=,dFlVUzZRNFZTSEJ1RFdEQmRFMjlRT2Q4bVMzVWNUMFdIeUNiNWp5bXhoTT0=,a0dOY1VmYmp1THNONHdES0thenZDdG8vWkhJRFB0aHVSNnlMUWVGdTg3c1NHczBobkxwcmFZR3NJOGo3Wm9aQjJMMFlEZFlsd2xtdFQzUU94dFJaRWFVdEVVRUVJYUtxYXVVVFhVT0o3TExoQjRLNi9OSTUvYmIreVhyR1pyaDRjZFlqWXNuRGEvWndxK2E3TnBRVDVaSjZyWk1VQjJ6ODQxbk1kRTRocFZrPQ==,NE5ZZ0o4OGtQN2JkbXFtMjQ1RHdMRy9sQXVNd2hNSzVCbTg2MEJFMWxKOD0=,NUdrNitYZlZ2V3VpWWZrTVRUN1FwbkQ3blVWYisrcTcyc2RPNzErWmpEMGVuajhuaURKek43RjlGcHUwVUtabjJCV2RCTlZRZkpFMUFGN1dLdXY3WHI1dmV3dHkzSmkwN0dna0NVTGt1dmorTzJqRnNjWEd4SWo0ejNFd1gxTEhMNXBIRjNxbHlSSjU5VVhkdWpiR0tka1h2ZFhsZWsrdXF1OFhPRERwbDNUSWpIZHVMU3VzcVFWMk9aa3VJaU9uamNiQXdJT01nOGJXTUZ3MUZhTTQ5SVFCaFY1d2o5QUZsZ0svNGxlbDlQeEVabnRpRENLZldzVzA0RVRXdkk4RFVBV3VIOC9Gd21QbU9nQXZBZnpxamN2NDZXek5zd0UzZk1DVnllYlN6eHdzWnFtQVg1Z0hQWEw2MUlQNkdkRUxNUnI0YlJqUTlXNm50UDdxZ0tWellvanRqQmlVamJsTjJsWVlvUUR2S0ZzZVBSZDBxbTA3U2VsK2ltL3pTc0hvYW90OWc0bUhYcnVZWTNjcnNHd2NrbWNoanZCNC9yd2JmcDQ0cWlNYnpORys1cGZ6bXZrK3dKcjNOUENMa1pxZFpPY1BFbDY2dEw0NFFKWDRmQ3VTL1FOZFlxS1k2TWdEaTE0M2FtSHdFV3c2R0FWOHpSOVdlSklwYzVVUkkyRjJoK0FwNFF1amRvaGNyRERITW90c1BGVlFPWkNwSThnNWJpc0NYazloMzhOLzZGUk42TEhKaU83dE8ra1BkLzVIWHpGWUhWZjUxa3BWTjdYNWdUV0xNbitpQUtCYXkxK1Jja1MyNVlXU1haVitrdmN0eHllVFY2aGtVUVBrY2F2dw==,aVV0REUwMUIwMXBXUnhBaDdPN1VzaEhYa0ErYTVSOVd3WGRjUmxJK1Jlaz0=
cDFyMVJkR0o0aHNTRmRLVHZQUEVqeXczcGRrc2NNWmFHVkwxVTcza2EyMD0=,ZUF1Q042RWY1Z1NIZkgyVW1hd0hXeDRPMnFvNFYvd0pwNmgwL2ZsNWl4ND0=,cDFyMVJkR0o0aHNTRmRLVHZQUEVqeXczcGRrc2NNWmFHVkwxVTcza2EyMD0=,U2pncWpsSjFwMU0zVEIzRFUybVgwdnZsRWlUM1pnbFJoRnErUnZtN1BZaz0=,UklMcHdLTjN0WStxWWtwNUpzT1ZORUtVbkZKUTE1bi9OeWsyWXg4S3JMTTZpN3RaWXo1c1UveGZmbEVMUFkxUGlxdTV1L1JLelVMTmhuZnBvS2dmY0E9PQ==,NE5ZZ0o4OGtQN2JkbXFtMjQ1RHdMRy9sQXVNd2hNSzVCbTg2MEJFMWxKOD0=,NUdrNitYZlZ2V3VpWWZrTVRUN1FwczdXdUY1dVV3YUxCRVpCZ0JTR0VXUVZnb29wS1RJcXlIUVc5V0oraXFaWUwzQ0tBY3ozK2NaVXV0Rm1LaHRGMks1SzJZdXMxQjczQU56Y0NIVkM4SFR1QTRSeDV5R0lsemNBSDM2c3Y1M3Z6Vk0vWXJ0WVcwOWltUkE1eUllMzRVR1pLUWM2SUZGM3pNcUlYbFFTWW5SbXpYVzRHNWJKVkt2QjZSZVlnM2ZLWTFUbWxiUCtuOU5Kb1QydjNNL2RzbUtiTkgrZjJtQmIwbkNRK21ab0RMQW9PTXVBWFdyUlBMMkN4WmtFUm5vTnZnRnFuQ1A3T0txcTc0cGpQUE9mWVBvWmlGbUhCajE1UWd4bmgvdTcxWjNLN1p2dHVaKys1WWRNbjJKTTg2WXJOell2cVR2eGZaYUJGaS9hYWJSaVRSTENHWFpMMWhkRDYvWTVwOUswTW5yT0ZhWFVUTkZaMGVlVWFuVmJNb3lvNENWUjRGWW9IR0NBa2NpQW82dzgrZTFWSi85UjQrcEdDdFdPRjBFZm9FVktKZVNuWVgyMlVmK2s4NDljTGY5Zk80MkZIMlJ6OHJQaE9kaUdYcitwTkVQRnNOUGx0a3M5bnZxelZnNHo1TVhsaWsva0NqLzJvaTAwR2ZZT0VRZUxiWXZURWFhY0NlWlA4eWx0NHYyYzFBTEFheGF1enJHcDNkWHpJWTN3K0dlUklPbGZyN0MyM3J3WGZjdnphNHRDS0k5eFV5N2FXeU9Rd1BUSGNRa1cwd1VwbUlySWNsdTdpOENQUnZHQ2cvUT0=
SUlHUDJESGU3eWNQLzA2dEpxSnBXK0l4WUx5eHh0clNNK05ta24xZ3JxOD0=,Q0Rocjl1TjBmV1hTZGdPMVNzRm4yb1VaUDZaZVV1SkxpL1RhS2UyK0d2Yz0=,SUlHUDJESGU3eWNQLzA2dEpxSnBXK0l4WUx5eHh0clNNK05ta24xZ3JxOD0=,a0dOY1VmYmp1THNONHdES0thenZDdG8vWkhJRFB0aHVSNnlMUWVGdTg3c1NHczBobkxwcmFZR3NJOGo3Wm9aQjJMMFlEZFlsd2xtdFQzUU94dFJaRWFVdEVVRUVJYUtxYXVVVFhVT0o3TExoQjRLNi9OSTUvYmIreVhyR1pyaDRjZFlqWXNuRGEvWndxK2E3TnBRVDVaSjZyWk1VQjJ6ODQxbk1kRTRocFZrPQ==,NE5ZZ0o4OGtQN2JkbXFtMjQ1RHdMRy9sQXVNd2hNSzVCbTg2MEJFMWxKOD0=,NUdrNitYZlZ2V3VpWWZrTVRUN1FwbkQ3blVWYisrcTcyc2RPNzErWmpEMGVuajhuaURKek43RjlGcHUwVUtabjJCV2RCTlZRZkpFMUFGN1dLdXY3WHI1dmV3dHkzSmkwN0dna0NVTGt1dmorTzJqRnNjWEd4SWo0ejNFd1gxTEhMNXBIRjNxbHlSSjU5VVhkdWpiR0tka1h2ZFhsZWsrdXF1OFhPRERwbDNUSWpIZHVMU3VzcVFWMk9aa3VJaU9uamNiQXdJT01nOGJXTUZ3MUZhTTQ5SVFCaFY1d2o5QUZsZ0svNGxlbDlQeEVabnRpRENLZldzVzA0RVRXdkk4RFVBV3VIOC9Gd21QbU9nQXZBZnpxamN2NDZXek5zd0UzZk1DVnllYlN6eHdzWnFtQVg1Z0hQWEw2MUlQNkdkRUxNUnI0YlJqUTlXNm50UDdxZ0tWellvanRqQmlVamJsTjJsWVlvUUR2S0ZzZVBSZDBxbTA3U2VsK2ltL3pTc0hvYW90OWc0bUhYcnVZWTNjcnNHd2NrbWNoanZCNC9yd2JmcDQ0cWlNYnpORys1cGZ6bXZrK3dKcjNOUENMa1pxZFpPY1BFbDY2dEw0NFFKWDRmQ3VTL1FOZFlxS1k2TWdEaTE0M2FtSHdFV3c2R0FWOHpSOVdlSklwYzVVUkkyRjJoK0FwNFF1amRvaGNyRERITW90c1BGVlFPWkNwSThnNWJpc0NYazloMzhOLzZGUk42TEhKaU83dE8ra1BkLzVIWHpGWUhWZjUxa3BWTjdYNWdUV0xNbitpQUtCYXkxK1Jja1MyNVlXU1haVitrdmN0eHllVFY2aGtVUVBrY2F2dw==,aVV0REUwMUIwMXBXUnhBaDdPN1VzaEhYa0ErYTVSOVd3WGRjUmxJK1Jlaz0=
L3BtaWpsTDJOb1NwK1ZKRGxFOExzVWJkRjdmUXNJL3lWNEZIVldHdU5oVT0=,a3g0QWFGbWR2bVE1NEd2T2tTMkkrUT09,L3BtaWpsTDJOb1NwK1ZKRGxFOExzVWJkRjdmUXNJL3lWNEZIVldHdU5oVT0=,N3liMkJ2QkVqTVJyV3VDM0Y5UFRzTHpCeExReEV1Z3lrQmZ0T0xwWlpURT0=,UklMcHdLTjN0WStxWWtwNUpzT1ZORUtVbkZKUTE1bi9OeWsyWXg4S3JMUHY1aVZhVHpIMWtNRzhCakJiY3lDeitmS2F4REJra0lkUjZYWWJIa3RpcEE9PQ==,Uk15djNPaGhpcGwwZlNvNVE0NmpYUT09,NUdrNitYZlZ2V3VpWWZrTVRUN1FwczdXdUY1dVV3YUxCRVpCZ0JTR0VXUVZnb29wS1RJcXlIUVc5V0oraXFaWUwzQ0tBY3ozK2NaVXV0Rm1LaHRGMks1SzJZdXMxQjczQU56Y0NIVkM4SFR1QTRSeDV5R0lsemNBSDM2c3Y1M3Z6Vk0vWXJ0WVcwOWltUkE1eUllMzRVR1pLUWM2SUZGM3pNcUlYbFFTWW5SbXpYVzRHNWJKVkt2QjZSZVlnM2ZLWTFUbWxiUCtuOU5Kb1QydjNNL2RzbUtiTkgrZjJtQmIwbkNRK21ab0RMQW9PTXVBWFdyUlBMMkN4WmtFUm5vTnZnRnFuQ1A3T0txcTc0cGpQUE9mWVBvWmlGbUhCajE1UWd4bmgvdTcxWjNLN1p2dHVaKys1WWRNbjJKTTg2WXJOell2cVR2eGZaYUJGaS9hYWJSaVRSTENHWFpMMWhkRDYvWTVwOUswTW5yT0ZhWFVUTkZaMGVlVWFuVmJNb3lvNENWUjRGWW9IR0NBa2NpQW82dzgrZTFWSi85UjQrcEdDdFdPRjBFZm9FVktKZVNuWVgyMlVmK2s4NDljTGY5Zk80MkZIMlJ6OHJQaE9kaUdYcitwTkVQRnNOUGx0a3M5bnZxelZnNHo1TVhsaWsva0NqLzJvaTAwR2ZZT0VRZUxiWXZURWFhY0NlWlA4eWx0NHYyYzFBTEFheGF1enJHcDNkWHpJWTN3K0dlUklPbGZyN0MyM3J3WGZjdnphNHRDMlNlaUlNMTFGTm13alRwd2M4SjYzU1dUaTZpWUZDSzNJZFR1NXlQUTdLND0=
L3BtaWpsTDJOb1NwK1ZKRGxFOExzVWJkRjdmUXNJL3lWNEZIVldHdU5oVT0=,RW1RelJUSTdhOFhaTDJGL1dDR215QT09,L3BtaWpsTDJOb1NwK1ZKRGxFOExzVWJkRjdmUXNJL3lWNEZIVldHdU5oVT0=,a0dOY1VmYmp1THNONHdES0thenZDdG8vWkhJRFB0aHVSNnlMUWVGdTg3c1NHczBobkxwcmFZR3NJOGo3Wm9aQjJMMFlEZFlsd2xtdFQzUU94dFJaRWFVdEVVRUVJYUtxYXVVVFhVT0o3TExoQjRLNi9OSTUvYmIreVhyR1pyaDRwOXh2K3RCdDBWWDQ1ejc5QjdMRG13PT0=,Uk15djNPaGhpcGwwZlNvNVE0NmpYUT09,NUdrNitYZlZ2V3VpWWZrTVRUN1FwbkQ3blVWYisrcTcyc2RPNzErWmpEMGVuajhuaURKek43RjlGcHUwVUtabjJCV2RCTlZRZkpFMUFGN1dLdXY3WHI1dmV3dHkzSmkwN0dna0NVTGt1dmorTzJqRnNjWEd4SWo0ejNFd1gxTEhMNXBIRjNxbHlSSjU5VVhkdWpiR0tka1h2ZFhsZWsrdXF1OFhPRERwbDNUSWpIZHVMU3VzcVFWMk9aa3VJaU9uamNiQXdJT01nOGJXTUZ3MUZhTTQ5SVFCaFY1d2o5QUZsZ0svNGxlbDlQeEVabnRpRENLZldzVzA0RVRXdkk4RFVBV3VIOC9Gd21QbU9nQXZBZnpxamN2NDZXek5zd0UzZk1DVnllYlN6eHdzWnFtQVg1Z0hQWEw2MUlQNkdkRUxNUnI0YlJqUTlXNm50UDdxZ0tWellvanRqQmlVamJsTjJsWVlvUUR2S0ZzZVBSZDBxbTA3U2VsK2ltL3pTc0hvYW90OWc0bUhYcnVZWTNjcnNHd2NrbWNoanZCNC9yd2JmcDQ0cWlNYnpORys1cGZ6bXZrK3dKcjNOUENMa1pxZFpPY1BFbDY2dEw0NFFKWDRmQ3VTL1FOZFlxS1k2TWdEaTE0M2FtSHdFV3c2R0FWOHpSOVdlSklwYzVVUkkyRjJoK0FwNFF1amRvaGNyRERITW90c1BGVlFPWkNwSThnNWJpc0NYazloMzhOLzZGUk42TEhKaU83dE8ra1BkLzVIWHpGWUhWZjUxa3BWTjdYNWdUV0xNa1VoczlkOFZQOEYxM3RKcWpncEw5UT0=,VVQ4TnAxZ203V1VYaUo1Mk1Yb0w0UT09
dEFXTnhZWERXVUxUTmtzbmREYVlVdTEwWVlBV2tjWXBpdTNhSXNKeEZVOD0=,eVFCSGxzdERRb3k0Zkt4NExRS0Y0bzdMNll3d2FnSncva0RXN0YvN2tCND0=,dEFXTnhZWERXVUxUTmtzbmREYVlVdTEwWVlBV2tjWXBpdTNhSXNKeEZVOD0=,U052eWpEM3RDc3Nla3pDZWh0MForQXNVRFN0eUlJLzJKdFRMR3IvS0lhTT0=,L1hnYlltbVJxLzlPK1NRRTR6UkFJdndyUC9lSGxTZHBQRTdOdXcwdWYvZXcyRUxCbFVnUjhRVzZ2WFJkOUF6YThacnRVQlZHbG1LMlVjY0tPRWlUeFE9PQ==,d0IveTJXV0pEc0NndU5xYkdGaXRjYjdUcjJqWXZZYmwyMW1RZW5DMkxKVT0=,eFdwd1hNN1dUSW9qT2xjS0diYmhDVlNjL3ZlaTRVb09SSXZLNGRzQ0RxSFpKTlc0c0d3MEdhZDVWVUxpTlpqaXM0TlFPVCsrQ1BKSGdjSXlycHNKbkplQ1hLZU9jTVVoWjBhdkRlOWtPaTNpMDJiM1JNdUZWNDh4ZWRXZ1A1VFF1cmtRbU45b2dJOGZtRktreE1GczdLYjhmVlcybG1HWFpBRkd2VUtJeVBBNStabllHYjgyMno0MXFGOTVBNnh2UkdOblRxbVVBNDhUWERMenlRaXJTbnV6TXNjcnFxNGJ2MUNYSWdiQk00b1F5YUJDNUpXdlJaOWhUanczVzhwZ1NBS2d2NnYwcFhsNk5uSWQxcFJmVHNvTDdxZXROZkhnTmFyU0o4VW5OaVhQcytEcmZnK2Z0ZjA3b2NuOThoSjh0VDRIMWp1UjhuMVFUWnlacGpQQmEwb2pwcUhjZG5vc0Jtdy9ObUJ6VGJFK08vRTNTbmt6Rmdqem95bWU2S21hVUlYUTlmVFVDMXhxR2F0Q0NPMnA4czFrSDF5ZmlvZDR4NU9HbkNYdkdKalFTSkdjcURYVUZqakVOQWhxd05vdHlLY2x0akVRekkzbUNqMXM0NElyRFBCNG5LVStUMnprK0x4MGZGRHk3bW5kT3JxdnVEYmd0eG5mL1d5YjQ1VS9rTFJialgxUXdDQytPNU4vN3lCcVltbStsZ0NpWUcwdXU4VmFyeEhMUXdzS1o4ODRqYmRyK3FkbTlQcC94eDdrbVRMSmdCRlZnRzgybDdpUTNoNytBVC9tYWZaSFUyNUJPRTZkRStyakQ1dz0=
dEFXTnhZWERXVUxUTmtzbmREYVlVdTEwWVlBV2tjWXBpdTNhSXNKeEZVOD0=,eTM5RWx5aFBieG4yQmpNbHVGQXZEWFlwSWNzMEl0VEIwb25vRWZySmg2RT0=,dEFXTnhZWERXVUxUTmtzbmREYVlVdTEwWVlBV2tjWXBpdTNhSXNKeEZVOD0=,QnI3QlFNMWJleloreDg1VHdxdENtQ2tjU0dibWRWODJjVFR1cncyVW56L1F0R1daVGY2UHcxS1hWSDNKNVEwRDdqcnZWOU5zamhKZU1qMWxFbWpiY21RZDJEQUNUZ0FKckRoeEtDbEtGWE5CYWpEbHB6dGI2bGNGOUhtRndVZXNpMllyTWJDc2JweDlYQ09GZ0YxTzN6RFVld1J0R1c3by9PWk5NaVFvYWo4PQ==,d0IveTJXV0pEc0NndU5xYkdGaXRjYjdUcjJqWXZZYmwyMW1RZW5DMkxKVT0=,eFdwd1hNN1dUSW9qT2xjS0diYmhDWlZLQzY3Q2dCYUx1b3hySjFGNU1ha1o5eVJNUE1lZlArWitYaFMrbnhGUTdJQ0J2QTJ2YXBzQXl2QjUwcEk0UXhIUXRPenFjSC8yWUMzWUFXUzlocHdRWFpYY0VaUEtpYU04ZXNBQTlhdkdBaDJvbjNmUllTVThiQkJJLzBVTlUzSFVWZ0p5S1dNektLelRVaVpEWE9PVzAvbUtNZ0RLdzJLN0t0bU5PdTJoajcwRlVxQlJyVDM1UlNZYnRFM2JoVHNtZXRBMUN4dHFLQTFWWlNxOXR1SmVBd3A0UHh3YUVQTjVsZ0xNM3dEc3ZaZjlrVU9mVUJKb0hiNDZhYXJoRUFTcU54Q1Jvd0ltTGFzN3Z2TG1TNTlwMU9vSjgxL1pmOHcrc0ZvNHh0YkErWEdJQ21GODh6ZWxDek9vaEZ5MTBVTitlaGh2NFZ1L3U3K1VTSGJkKzZNZzZ4S2F5Z00yTnVQelhPWXlvaWZLWHVudjRMd3AzdkZ0UVczeG5hOWRuaDF3TTJFUWVDR0FzaDdpMGVTYm0walQzbkcwWEN2YjBYVFJoOVZYY0lZcXk1aDdKTEV3OHJjZWI2RzVQc2NKSWxvbGxoZ2luZ3p1cC81ZDBjNDI3d2hxV25PODl0MXBOZm1oQkF5bjBFR0hJcTBGRG90S2p5MmNjbTJRZzFrVnNaKzcxaTZnU0xNUzUyZHFxQnlkV1NiQVhJSEg3LzVCSjRGRE1kVmh6Y3dqZGtXblo2WUxaQVBiQ2QxMFBjYktZRFQzUzBsV1BFRnBjVk1jQnpRRWNRSmR4Z1V6ODM2L0NaWDQwWGZOamEvVw==,aEFzeTUrLzJaa3JGc3V6b2FQZFBPUzVVR3JiRE8yaXdlamQ1OUFSMHBKVT0=
86da5cf26bdd45d3b57f9573740e5794Mf/p7qfknAdcig==,77eef941426909f6d866c58a8dbed6c6,513fbb81b9476ece3585e2dcd1103cbajqjaA91gtYJn8A==,4eb5e10584b5668dbfe173536f8c61feMLMl+CbYwBc8ybXB,854556f1f7ddd65d7f241a962db2171aNroxeboGgKayMyyVYEtFX467xjXN9dCcH2Tpqf7DhWMonxsbLtZt6FMb0HKB,20c65176f6b81aedc3fa5667582ea5b6GpQbHQU=,24f053b4c679ba374045cb8860f025f4ArmZPLOg5ykZ2G+eCIjTwjA3TJu1XhbJg3XN3BCwI2Lb1euCgsZ5IK6G+71EqJeBfT2tjlmVYbjAMkH2x0TZt6KnpN/6u3wNH+aPhoRDBfngUUdJsgwsi3aEEFU4kIeNmXgkNx45Kas391YU9rTclw9PE4usCbqRPuk+Neh99v+dYJUYt9zztApr1z6TGuO/EMKRD6arLmSy11HzN2aPg+rVAuDWX7c6Yiz806uUGr8T+QfkQdNi0aUYfCXfRdweTX2H+tFhzXjMiZ58POJQ3RsCZi9EIo4zq+LpuzFt6sH/L53SF5XfyKU4hkjHwuuMApmedpAxA5ZDecFD+oqCvisSfx29sHMzWKVTGgsoowWUgLGG3DJGTZBgr/HTiEk4CYzGWfdfPbtfLy0lg3Vvt9871MGGp/KZVNYYGJdc/lWW4slC1HgqkLrAe/UJyVAmrVaGnYMHkSY8QEC7yjCanLfpjcO73mN61aQEzKvbrpLvQeLlDvjh8M2dgBge0ANMndGlr+XwvwcBSHYAWcmOJDwia+OxdmjGoaa60qEj7zGjvTCzZNPRVw2KZfaE4Y4hwmOrVlVjHVLqbpg40Q==
c37273b97785e929aa9352ba7b34bec1rtEEia2L7QHxLQ==,dd7e40e5e1c26067c167b273ccb24dc0q9s7sy2+ww==,74f973368cba08c0bf4fc5e1d3574dffbQyivnUMsR+Y1A==,2de30e252adb7a63d2ccc4dfa2bd193fAgfJbHIC0TFKa6fm2glEvVRtglyXp931CB/B4k/c/MKAMuTtwQV70K9Ht5Utf9qcT6CtH79qyp8QgURyXDjkLzg7z9iHGnok0KzmWpBDJGcb2DMVSOQMyBjDgxKu+Srt,f24c1e7cd338cfc5ff69a075e2bfbc5aNnFN0KI=,22959bcd55cf694fd201d4149955a30fkcq9m0oxdt+ip7iuWIRsK8e/wKSRe4v09bJI4N3XfY5e0+Ob5EgRBQQTmjP30BNasfjrmHCObSZArV3RDU9f1/bhmIvYCDgQvq/brVamBh5BTw99q01HTi7ZEDnjOcTlWRooSJfmO603ZKt8cC5UNrnrkHu8cpYgT9IbU6i3ceO+CK0NRqzJ5iegjYuyeaFpiECJZD82qLTaTc0JDkdl95o6kBCC/33eoLdUKz/gDMv1gvu8x7oBXObdLkA3R50exAheqOy/IUsexIkeIIGvaSNyISwZ0Mh+0n3Zt4QouI5KJl/jwvp0Jdjz9DQibilRtoojS5rPgx6XHfjNvaKqr9yX8Bjdb6F4z3eVIs26kKgD7Ch7DcrppxWE1KtYau99LOKWa/RV5Ywska2P3qPtubXco3Lif6xaS9sGvIAnFoVFT3yZcLu+SVRwnQLsOAWjyJ/XtL4ZovccGt/prVyfvss4nPyuo38UOG5T3Qgj0cPM3BfnX0E7C4tk33T7WxEixdJv7vBPz/DklUSO3NtuEk2UWqDgl7RpsrZO1QH/Eyi0EoMb+opmIWDgvayZB+QHpcdS7WAnKOJLMnRqScIOR9F3unIFxQ==,506d2cca4e99d7cc0f9b7a43a5ef1fc7pFDT
c07d29dd1178d9b3e60b810085220120kvlwlQ/6gBxxIA==,b68eb299c1ea017ba5026f114dd58300,03995af872920a97d327bc6c185c0fdaV9rjX7LXPEF9Eg==,d33d0a9d9bb3c9adfdc7ff580053489f2cxUnyRRN5hbjAux,a17f5abe44fbc64db2583e176a993462o0pldl6F+tDFnSTLVMV9mrD9a79Mg+Ow9x3V9UMCvvlEWh4mRjKAXQ2lmIyo,32b578c464c66bb3ce5a284458efffc0c4ZRbZE=,4c09275f843be759668fd5816a24ab2fVdEAeBIFg5hdRqLad6aDy9juz6ZIxVfv8rsqORQs898864663YgAfMjkTG8vPZc/G5VrIdBgzblV573uiyzFxNTSzX+4hpmusZdQvPZOw5K8+N+YmjZwAZBXAfN5E4W8R/knC1cBdkgiLv3ZuqAplVfu9+kTfCOceiM+KULFWEkfdq2/QzlQuV+yhtaa/lEZCDBTXO8IjEoUfwwG5cH7/4X9RSVQ6D8OyaHZgxOWqW6ArfpzJXSDM+PKxGQ6cyIzKL4F6v4BE61Ej6bGMDK6aH4jNVdE9jqxQvWb/GbghCdKA2Tdqd0CqmN++pGSymI/vc/nn6LD/hBrenO1CdYoascxSh2F3I+BmFZxQcBUX5oXv5FoJJ3PYyt/cCKKLmXFEVqwHuhFns/b1pzC2hGnvJ/7ZjaDUXW2TC7qwbeE6dGhkJDI0glEitRagTdwAuVl9I1MsJ1vjlugX3Yvu/HlyD7z90mt7abWUJgdVaZH/E4NkLCdchXTaTxkZ54uPX5OFe3oCgavPx9oGoOJ/rCtwKPQmUpEsQrYpGWuipN+R1FwHRoYZEIeQtEGTOSgfsMBdyoK+2/nm8e0TwQPHg==
0162e428f26db4a06027a7dce7a121b2kpLLyZ8vO546+w==,1ae87b9fdde3a44da89c9e0b2e189445zdjS2fbyfA==,eb1e118a14d2b0233029470e702064f1kl1U5nuvzhNIWg==,ca6e06fec4d7839f37cd8169dad01e07pE7De1DIsI4NDlnjEQQGua+25r8hXgVn1soJnPnDSlaS3mLW7mtDTKMwrhOIdqPJkSTUGEYu5+KehxbNf3n28rfnobqaLU5aFIF43mmEimGqdR2EWqtL37i/YkfKcct8,c815d9d437cad0c3603d23ebce81cd42Saa1gB8=,52d4b18e36203a676c370a8d594aa8f6vm7/U9FHf2lCj7HFf44vUdlvAqRIe++ZUuXqEpSbqP83w6AuS1M1wgbxDebvuVVEZKlUMKqhlLoxwRu0G1t8KleA/BBam6RKzfCfpu5wC1X5zOWxrFFjp+Tnb+6dO2dyH4xEsvjB+OS3JjX6nx0j/un4ThaoYRR1N9hh9GTyKPbX54IOq8YE/1Yfmhlvrv16FLMHC93DRXnZYytEdF5yEyF+gwzUPQg++LaIADKNTCXxU9ym2irl3TgZe477NGaS1f1h3NuaMg6apk4BbXu99rdUgwugcD+SyJGy1UDJUJwLnvKTAWQYluMeoPa2l78NMAnCzn7v7/DGaSLbwIMOrByel+2KWSjFMrOjRqBdu+QPTdbf4aWn5tr1LHMEHlwv7sCXi8za9zS//A3RD40MLTgVBlo0BOBbiQNeXe5r83y6e29S1R4KkhiZfWMVMzITy8Bh+yGa9PSh3hyE7uSegI3ZhG3S/34UuWoOxsFmqRhXIpPMfJH8b/DDSNxftDCG+2kYGbc80055icERM+BGDgandWsiwt/75Wv1YLUpBs3FMQFEhAUG2h5P8PLTaL849iLO0+sd4lLE/stWR51by1eYVlCU3w==,58b2c2e1079a962b91987e73f11b58cb77AR
a076eee53465b7775a5b751c4f91d8f752KhwVF0GfHy4w==,6f04158f4e5ee53e618ba4a03e57d7dc,e4b7b725366c62d017b0cc37dfa8e605+Jdmsz8Y957z3A==,86a52d68bf79811f8b1b021f131dfcb6YXjvBlef07qgjJO5,c0cddedef6a4677d721c4efa39136f2foqHcinMQsMxDmmutoRic4VnuvEFZsT3DS03ZTxCKMFc9qOxP0rDZAIopiOr3,f602bd6dc4dca4e6ad19e387b6377e5fwPxjb6s=,3d20770938d657b762635a95dc523f429UJXXTkBUl2ma7qwCjQ5f8mG9bo+UwouGSaJO73vjdIwrUUB6g2AqRtQwTI2mlRVJ4DoFKSfRf4A+z4kD4KdqsR++mzcIdMonPcZpIJvAOHZZ1wS+0l7EM2cxEJ3hrFBcxtCi3i2WUaGA/ts/FoZTBtX9BmgIw9xpDYJTWBzhTplyu3cefAk4CgjNrEIDQpx3wbTUSM+FYyOqTFaMJXN7YkEoD5Dfs2kyD7daxpC6t6OV2fjdIQCJcWReXs5CSA4LZmIayIukoZiX9yT3OKOQQRXBs4L/2b2IbwOfmbFvVuFMjbhXCaIAoG3qMeigflfmcDzTOiGo0UbE/OxIC21nWddtc2PQbhRj69lNfDg6ElMvL2UaeF30M8sRfl4OGSe41b+KwBlMFE+VCFypGQ1YfwS5ApdfeyPeOyHih55Rn7EQ7i/F8yf1b7c0v/SGJeH7PsUzQQnwIETeHjMXInlx8j3gDMPsFmlAlZTOLyT4dqEtqa+EQdodbAugd553Rp7fP6MuFMNRXZq3bxUVmlS9lqA17XeimsxqKGJiRpn0HIdMx3J7UPvgR0zZALOP537Wm5d6Vm9zFnQBS2DPw==
31841ad20381d7aba9d4916a84726746oFXMp0uZQvOQmw==,09551c2c57261a63175a7da67c057a196paoIe1c1g==,0aae7a7a914cdf8b01fa293fcecb09f5aaHEcP0bcraRSg==,02ba808fb6e4561d2adf69b5e2520450qQjLj+7yAINHq70MLWBemC+pb8FnYnmOBzQI7P66XwZg58ENBVR90aV6vI/Blo5kMvgrxN6H5sh5e5sL3TH26zcTug07Nk+HzM8DPTeHIR7Z27Fg9jiqYi39xPDVOvnw,8669c7f1c16f733ad2e5debd7f83f508JmbkrdU=,7dc066d6a71f71c98b1cfd6f4b24b70bZK8Qn3j89+W/9fPdQVkXWwmgMNN2CTYDklNOUciOWnMbMA88oKZMrqxbN5VLIicFRsp1u4AFAeQvZ5I1lKThhUtVeYKUlBSUUGPGG4QzRDe1GYMfAYUcs9k95QS5FxlhX+6q8Tw8T+JOZRP6u8uNy4PZScIEF9L9wyFG95UH9o2RCv1KFc+wIf19+8dThGR+mMzc8a+g1NzeYzzaWUalTuOeVP1nvDWWV935l2ygtd01LCaH9QPUieU5wvoAgqHgWx27+Y7tdMF3sdLXyIvMDFiSTOPKrRtJIA7MzwG73LH13Px9NsYeqC//8NtAIz3pRzFWCXuzetq4IZFH2zDy1zO1eI3Tku1d+tXWC0YkEQnK5wRR3blyNvDu+ES3aJAVzQVy7u5rq3iWEdg7d8Oaj73qcgIriKHJNnppOiku9IXGOHAGTy8xNfeodGK3xxclJ45R/m8D7Sd+dqgcFbgG6u7S+MHidOlFl4rIzX7sp/glDF5G5gjrgoe6nAxq7LaCsUtlbujRx9+t6zC51QIuoa8UmGg+GKXMDabH4lA9ZuJy8i7tk1xwEWMt0+yqvSK6lOONXgpkpzo6NiSgduxGhzvBwXQnlA==,4a1c2a1448fde3d930739d6549566ed21Kmn
270e6fb3cab9e513bea06248abf641480Z8rGBpHVNbsHw==,d718534914ee95e021e0ba1665788204,64d02cc027fc3aaffbf5d23806dd3776TUE3n6vfphyhtQ==,44a1001f92a895f46846482a378a46536pIOC+cNpuwq33KC,22124b2ffed0c598d5d765dc4d9dfc1d9W0W9HEqGnlRmAw7L6ZcJ99g2zy+XXMYQ8RQ+6VS+Xx0TtgfSqQrhVuXDRji,09ed7e09b0206c23fd6ebfd724de10d2/zxKsKY=,5143a7a981d5076d14ae641b911f77861njaEMGHY077MDVxG9IGtaErm1AqKWYiEchRtOvAac4dIN2+Me7UFOh281PTxO20YwZVVj500ePyTB9TF1qgqoR+YHgB4QItnCkM+9YOEeOfmHlua71HDj7dIOPrAZi48xvUH1JV/6YRNNn24GFten1pDUVjvhw4S9QvhYm3jx558mOoyE4J33pTL3EoLcPl6svxA+88wSIavPEKjxfKQhfq3KYRPSy63Pxd9v5hW8RKb+kVZzEwrBTVd9pPOgzqHN8GwbQbSJWOo9JmIIemyJlDLhVU35FC1HWjhKAhJFjR6pBaBPImnuwFqnqbSxCOTCpi87joETSgbfMOqk1iS6KkzUsQGXrihdZs4cVapTgdj5f5WKqzExsCdZs7+O0EhtZCjl0cQqbpnpxUYaPhASo10MM9r3BYcQwNJbJn6v/B2kuwguOuIJiC6wNlm30WCV2ILvMHHpH6mORAY+dQVo3/NkFsN+OmPGyfRhmhE3it9lhH8oSYBb4DUJuLZhZTvOgfxBGcf9LLfs24pbFwp/nlJSSBm4/yoDXmV8SO+Ohqa2SbXjbfziXAhIDLr9k1PYuVs8uOAxsrZaszDQ==
1879fa48b91f658315acec581c7f39d31OdnKG4hOumy+w==,c39c762ba40a2260a72f252b6b8c0fcfreIfXDqSKA==,a35dcddc12a0d20471f907a76f4ab53fHlQ+33UaawuSMg==,86eb6f451fb8c0de4dcb606e2e8648a22WbnNeU4o83TXEOpk6FM8FXSNJieDZ59TnYMcnULpgwgok6QU6fT/MjNGudMy6H0GB8F+mdGrCbZ1Qfw6uKFXcwmUUoPxodHWrHwLeCyWlN80qR1HUqxpp8j6SC+CJcp,ae324c5d425cb8a51d7a2e93461c24c4r3s/jzM=,848b0dd1850e71dd6cfccdf48fb69c1ds6Mu7xG2mUIsxMl90kUcT+36Ics3syLf54SvEY1ZIh0ieCn5jEoAwYtCmjxkfCoEsEa02sTgxQZAU6zJ5WF1JqbpxIDEshKiUaBFZj96vDD0T0tVcR0r0M0AfZwDaOdlqnbQ3sh1hc7Xqq0nQYLwICePFbuk1yMJBclgzzgZvnYX3xp0rGJqqdvrSsy4ZYJTM7HkgL2Sklh4HG9qC8P2pVmQli43/iNILph0UfUeYAMqKrh7E+v2mFzhDcLicV2xzS527ndU4q9Ub6IkpU5EMiU80BXylaLZOHt+s6yJVMxiucyh8dhUz0qZw/25LFJZkJ2pHjetXBW7Tqu5tNGE4sIopJaAoBcuPWWQ9xS09I5uOW6HCQXEASo+P9Tr86TgyXc0d9Hmw2stVwCvekej6ddI/JNRrR1VYtk1UvvQ57j3v9V9WS1homq1u1nKzOGK1Pdq6iYe6oXdfD3su4wK1Dm/Y8IWZD9OCHIBxQV6ZHjklTdqF0g8thWAUnZwO+M00rW0FZpF7hIjqHYayZf4e1si9uqONToIxQdN1dfJZ87zDeYfv5tgaqEl0e3jpGemqd6WtmzJ7SJxaT8PGRslnaxYivfcVg==,03578ef6b7ec1048c371acee0b614c7eAiIQ
3908e57c54a7f2639ca91a010f2bb6f4tg4j++VmevLIPQ==,891205199df72cf4fb0f4f52fbd339cc,40f2fbc9e5bb588e4918ae84c7bb34edjPZwk/HEPYHK4Q==,985def67b826859ba5dd213afd5fb11dXlubDl4F6rJL4Z4J,a5e2d1fbf3d4fa27f220b74113200edcZHRpxW3qamXxZW9lRh0veem2yO+Z6WeIfeNNf5O9kAsERYD+7oohO+8n456Y,b6e769c7db6d2d8b3120dcc610563a84H70Icbc=,12eb193a9f54f152dc7d9e49f7bdb1a4whzYv6FJllP41HBu3oroU8IuBUCl3X+WbfgMZOAcGxIK6qr3Zvuz/0jEs61g+Zv4NKOwgnPmIz9JOi1PJQ7fnEoGXRBA1JMS1XH80BmCFDj3NkURUolSEnGOYbszgUMnrzwKbM25IgPJs1fhqkSQ+bYowP33foRWr/qkQACyNyok2H0iRqfm5OXsGlaYNcQVMYkCIyibKEUr0EOyHO5ujvriw5BrESEPaNrDIsB8PJug2JWFA8rxssRwmy5V6mhwRGZf58Rj5lW8UL4gSsp+EBaWTJWMmj4X9rbDeLrRfaBBdYOfMtX0J7+sSyJp7OY9/CrT9FSJ7XDcACDxBNhFJynmDIozB6dtJUkKCiFkg8i3iqR3lQocPqcmDArtpAlU/20DFiYOkIiljCRf1IAL8vyp7zwzuY6hvKQaTGmI5xd1w7TNzvBvC8BLDDoSDWFelc+ha+BbF7Wyq9I7XKFqUuvX22EOJ0pMm0hyVe3vGGTzZw/tHizh41HfyyODERbdOGI3vcrcWfwfy+b8osZ6sMN3PlOtHAKSk+6gNa4CAfTtgh9x0r20rh4hby0WvUEWyC4Z4sp8fRMgyQ5ZWA==
04a6e1fedc1163bb9b020678fe2c6147kmLs3xfeNem+1w==,d8d67940b7865e40fcbb70282a1e3cb9O3g69QaJBw==,4a7e388335a7964d3e5ef3c753ff59f7URM3erenJfU0bA==,ef0cbcb869b1eab8b39d7bf60d30affbHi6VCt98slwMSt+OdrP6VgJPx+cKXzyqiyJlqvrzNZkBaA5LKsCswl+qfISOAotWGKH/JWEvIIvxNim1ZTgES3Ms9VZobDAbr/MguajwPayc23VM0eJK0/P3brW63c2N,2b75c5e45ecfaafe4b6f668ee434e9d6aJm/vIc=,d9f438bb4cdaa1e8a3bb3b32dddf0977HTay1kBCBOXRpD11bOyC7MNkQxyHnyWrL2E81zO2kXMtA98LzVs28EzULlCEueSmzvDJR8FgAFzxAHuIR3DpJ2WY+aBwlX8198rpL0VXYwWsSiLrZIIc0uLwEmVxIwpNIPXW3i52k/XsyIcwnyzZ2EGTkPAMoPvgIt7r4zocukXfOPUrwg2pA3VbidZ9PLUccvKyo8bPN3/An7u7E9kMKw+Bc0IsXjmJQ4Gzbm6d3iMfox2I57Ck5XlplHcst962FoUbS62xInrMAcn1lyN4wJaEpoo4D9I7VmaY7+Qf2qhEcHXVOGNd+V5jvLHji09rxCfvhZ6Iw6AzPCR1BK2dbFbymI3Lz4Zgxao2xYY2t2THzX/C4TvakzuKneq/ciOwEsaKJCqAFRtUznuuMbztxFKgqdF1RIKzWh+6X65fWXcdw01nHcy1ywmy4XXqzAPyywL51+v1A6iuAf4aJKzqGFqWtS42qYzP6nRVa/fgYZPpxSfIzeAmScJDdJCrBD/Q2ICAxQvXreGLGx2fhXuYwVHkVqcVdY7HzAeUt7ih1+C59+xQYLTmBFvWmsrylA9Pff6hMX877Oqw4JlqRjZvhqWHqrMfCA==,185d82d73f96aceb7dd40b4a02ef7de5MwQh
5be878fae8f91e514f36112d37e486286wUhcaawgVpo2g==,1d089132b78dcc15dbd7cee42075f4f4,54e1b4cd665722d509c08e938f26d63ePPiyLAd/QS10ig==,062581db611049e251a3f4bda9d85b3eoxg6GuPrR89DIXpl,7fbd2fe84ef9becb77c5088462c728beZxsm557lb/5OE+C/qD8H4Knv88AX4oVyhyTAEMsq58TcEdc46+lpWsAVcYzO,c65d112070d27cc431df3d19e10a29b3yBZO+vE=,c8f8f0b0525164a3e02458f1ad772d1cRdbFT25rRs/Lk7OVRcXwQa6PVLTSbNPeqB9+H0/IOnKmAKBfnBuKPLQoCqd2bKqH2JJEAz/Nf9B42WnW/XJd6jyA2tLTiiBa7Qnw+qSbMRlZHB3TRq1U0tvfktDxcf5ZvGoOhShcNRhpCCdNAYTOHkz7x1IBCsQpAqVAp7ad1dyquoeRv+35DuCXq02hIaeIyw+4psYGPT2H/3geKZxjypPD5Fx02aPZ/1SeHhP8zZZyalyOALEc9YGAzJTq7/Qcg1RRRzncyvCz6gEpFOWCrlXEPy58iYsXJ/1hh24hyov7J/GGTIiV5yvFVfXYkv9Dm6oaSu6I0GVa3ZR/QCGE3v4CUasLFb0rPne291SQcqbfiQJmjP1XeI3PveYQG62mgWrx5dVycDdpSrdF6Ntj0cIQQ+tfTuUnQE450m/5tC2hfvESF2Dy1Y3QdT5uI8ABHyzl74sw4jwm5PQ5ODBvd6Ds48Yq+3Dm+REfvsQsD17SUE1xMtWiK68bTYwiSBiG0MLxZp6JBcin9KwHnxNTEFnhjvcSLr3x3xnKuQmQz4XpEbSvsvwRlM81cCfFbSPZCL2oaHHFf0BCZ4fGnA==
0cf35860b9fa79f5d5b75a0ac057b51d0+U7m8PS2MapAQ==,96478e7ecb73aec4f4abec3e6479e1c0nQ+/otdWpA==,43afc650ee6ae6c7c570e43ff6e81007z2DEgg2eI5p+Cg==,243284a51182b0b5092b6303dbc1b8edJfrYaDkws0pXfFjXAvZOpmJFKHKJzZ8X+SEqPmE+6661rbmVNbOPnGQ/B0NnfZKWFpmuooj/SeUYJzSqn7dCb9ijB/92XaxJOBktkBS3rKyXyyXjtlUpbe+w/EbB+9UN,2bdd181eef97f252701b6d9eeeaecf44VZsp/Hg=,d33edf6d94c121801f29a6051c56ea07qcZmQ4kf/QK8pgQXpi8SkvkB8YBPIFbGRj5/6TAJQlacGRdsefinM4m7sK0kU3W6fig1E4gjVtVmapqA2VVWao+scAUv/Lt4xY+4cyCb0dTKBn+jacrpRe67A1MPTk0a3rz1XARVl4yd7A1C2ibTPNm1tcpF9R2qOY7t36j+bTNJCixDUErm5JeQCZpAWma4uWKUvKlGWwkodj97UVl5K+J25+BB1HdHvsfU95iphS7Ob9vsoA7vdTUpel8ApLm1Tm1H3e0V3WVSJH8Tz0MveXX90SccMw9xyYy1ObshhtiZWRw7Y1A0tN0mWlYfz8hpTGV6bBZT4js67+ANSMBzOhe82VkANwhcY8CIA6VuFvy4MYVBAOf41JcwRUVH7PSGDx91NgnoKnLvrOyCUizKEBnWDP2BP+orMZdWUYCpcKJWZ3d1iye6Fe7nHv1fnj8GLPuaUetAlheo1aq177LTPTul/qcpGDi5s7X4yl3043OXAjQgODnyUFmqriX+C70AwVUTCE+siZKhsSBnZFXHeMR/sDqlc2N/tWTcPYleJ5nLjPFEtmwBEeuXNd+1AJbzgJBbyZuvPoqYuHAyncGr2Jdn39Demg==,73936bada4c85a67b5aacc9fe98766b7yxT0
875fc99e9805e83cfa36491195c0858dc2gD1jFhCAQBTw==,c4348bda50128b00b5786fb006aa8f1bOjHDRaVLPA==,93a9147e31c50e770c71783ed24f623a/DaP8fR+9Rbb3g==,29b44ea6930b5c7f060b12323b998833sCVs66QXt1ekt5XG23ceTsh1W6cXR8N73NIiNPlP748+ZJAJ8Fk3IjVCFXO6og+H5CugC/tzsoBkOiPZw4L7ks1cOswfFIdV47tTB/wM9sPZ7WEIeGjBwUBKC8y9ZI8p,e5e1ebca39c0c7afb1a2897516349032o3rPWIU=,a59e78062f9485431d3648b0ffe770eaBrhDU5I5uV5Sqz8l0oHFhku58zTs0iUUT+V7ADMFCGI3z5/ZTd4AeewLfDpMgZRrQC7bo9axpPdjhBu+eZ4KUbzFpSQ3IbpuZ7XZwmQ+i0rgqdEKQcmDJmTcJGMeCeKEkSoQcXp5HhMkKtwCCsF9JH9hWEeOVgMD3/HssZCFFx0nA1HQXQZ7KsdbVDKhEMy8jXvShXieqBp1+C6Ff6M3zeqTyMeqRA0Im3bZuMd8+h2XXMvim5f6qdza7+gCUuzTnpu0UwHq+hzQXC/uAFJqQ4UTRGapzj2Y6g3tj0YkAEC+di23miuecIL5P9Gag085i5tYaNNPuPZ/A1QmQxj8k5x2DhrAAphJKBZ67uRU/FhktybXl16dnIlDMhjQwodQbQsoWITfO8PD4QjiWEx4mAeQ3y8BW3GJc0CMSKnMqW6ckgtp2lWixyPj7GOxr9EiwUxnLzRyYcQZyJAr4b/H7CP846cmD2tlbWVZbdv8rZEpkywwH65/8hBTRunRLVNmXAj6xHQ+e2X53x5yQA5OuKosXRMpcb5fRpiw0kmNDstKcpC2aTqRyZ7wAHIqJbN84/iRVjzoOziUOUO3G3byExpzFcXzJQ==,382cb6ffdd0e14b88aa256c87574b822XdWp
c4ef4357d0bfac9b4d9c93c233890bf06ugN1TMVvorMWw==,9c0e13bcfafd5e73f0ce59c36ed182a1Kpm7oBve0Q==,1424ab68a0b5a52f3bb7d26fbe8c58f4rdpLMvckeZTsTA==,dba6be69e3ec492fc8d8ce604ec7f2a4fpb5rrBDYxvKsM0c3gVeVc9IXRicjenypSDVsxyK4mYa32IzKvLG8iod8jvVSMFZKdrfsw9/34cMW11ShYowYKqI7dIwHmHRtsEPmWOFJ1+/yJLprbFeXIWl1KELDrCj,ab0d2e6b80e1fa05169af04a4b728f4bFC4lkFA=,8f261bf2d39b770db8289fbe644bfa5cDYapFr3GxtwRu2jDpB1Ot5Iz1k3R/9PKSnIx9IoL02NnWTc4wawtlBC7J88PsdjGr5Jeq1fnIJXc7rO8Qp9jbdXeKZ1fvqD7mm608fGdCUZIQiRbR4sYYUXlGR4EmFeK5WIgx61r8nDw2qpCnpkKyfflE1OS9fE1gRDKsjLr5qa5Q/Zo/tYfgYaY88bHZUg9KRt3Z7m5EeNXZCZPAxRnlXjpTvnv2gjB/Ris0UDenIC8M5E071P4eXzDMJ6UQaaIRCi6SZ3r1mQYltmvo79Rr+HK6/H0P0nzmF0vyQygVkwvwWjc/9+OCQb7LZkEzQ97PRjGjGghod9N7KB8J437cjw2eNf4kFZwUFxMj830xMk3xtmaAgKo/3LfB4NaN2v2+jO/w6ZECulAWffdn71Ge7BPn/Rk58ex2goZAZ7YlEUOW1zm2N2rKylMjwCsoKG27ylu2ihyfg0Nc75/J8jBslE5ZptP8D8ZSi1waCMp81cc046aSD8mEnZqkFQvDY/Y7vAO/y3udEz7e0POD7Qsi1cGOhhq2WvfdDl4AmV3dtLxv/awH1k0H8Lg5gLUg/Ov7sHz+zxdxUQt4+eW7Ipx8SzW0tUkNQ==,ee70423c7574e36dae6e9b09f36410d2/h3A
